[{
    "id": 1,
    "company_name": "Yundt, McDermott and Gaylord",
    "company_address": {
        "street_address": "0 Red Cloud Street",
        "city": "Orlando",
        "state": "FL",
        "zip_code": "32891"
    },
    "company_phone": "407-691-0672",
    "employees": [27, 655, 606, 566]
},
{
    "id": 2,
    "company_name": "Friesen Inc",
    "company_address": {
        "street_address": "323 Hanover Trail",
        "city": "Boca Raton",
        "state": "FL",
        "zip_code": "33432"
    },
    "company_phone": "561-689-4839",
    "employees": [246, 882, 594, 731]
},
{
    "id": 3,
    "company_name": "Pollich, Altenwerth and Rogahn",
    "company_address": {
        "street_address": "96 Dawn Circle",
        "city": "El Paso",
        "state": "TX",
        "zip_code": "88535"
    },
    "company_phone": "915-260-3504",
    "employees": [985, 7, 759, 928]
},
{
    "id": 4,
    "company_name": "Grant-Koch",
    "company_address": {
        "street_address": "5078 Clyde Gallagher Point",
        "city": "Nashville",
        "state": "TN",
        "zip_code": "37235"
    },
    "company_phone": "615-254-0630",
    "employees": [736, 408, 96, 500]
},
{
    "id": 5,
    "company_name": "Steuber LLC",
    "company_address": {
        "street_address": "00 Steensland Pass",
        "city": "San Diego",
        "state": "CA",
        "zip_code": "92115"
    },
    "company_phone": "619-238-7620",
    "employees": [125, 191, 425, 367]
},
{
    "id": 6,
    "company_name": "Raynor-Grimes",
    "company_address": {
        "street_address": "92363 Fremont Lane",
        "city": "Saint Louis",
        "state": "MO",
        "zip_code": "63169"
    },
    "company_phone": "314-460-2986",
    "employees": [885, 757, 15, 70]
},
{
    "id": 7,
    "company_name": "Ritchie Inc",
    "company_address": {
        "street_address": "52 Everett Parkway",
        "city": "Philadelphia",
        "state": "PA",
        "zip_code": "19172"
    },
    "company_phone": "215-326-7005",
    "employees": [851, 67, 879, 627]
},
{
    "id": 8,
    "company_name": "Hodkiewicz-Morissette",
    "company_address": {
        "street_address": "7 Anthes Point",
        "city": "New York City",
        "state": "NY",
        "zip_code": "10019"
    },
    "company_phone": "917-941-3131",
    "employees": [664, 692, 482, 799]
},
{
    "id": 9,
    "company_name": "Schmitt, Johns and Bechtelar",
    "company_address": {
        "street_address": "09 Kinsman Way",
        "city": "El Paso",
        "state": "TX",
        "zip_code": "88546"
    },
    "company_phone": "915-707-0670",
    "employees": [981, 336, 311, 106]
},
{
    "id": 10,
    "company_name": "Murphy-Hintz",
    "company_address": {
        "street_address": "4188 Stone Corner Pass",
        "city": "Silver Spring",
        "state": "MD",
        "zip_code": "20904"
    },
    "company_phone": "703-784-6428",
    "employees": [373, 472, 111, 747]
},
{
    "id": 11,
    "company_name": "Kuhn, Collins and Abernathy",
    "company_address": {
        "street_address": "83 Granby Place",
        "city": "Sacramento",
        "state": "CA",
        "zip_code": "94280"
    },
    "company_phone": "916-327-4889",
    "employees": [999, 405, 974, 794]
},
{
    "id": 12,
    "company_name": "Schaden Group",
    "company_address": {
        "street_address": "7 Meadow Vale Center",
        "city": "San Jose",
        "state": "CA",
        "zip_code": "95128"
    },
    "company_phone": "408-157-1191",
    "employees": [288, 888, 323, 172]
},
{
    "id": 13,
    "company_name": "Hilpert-Will",
    "company_address": {
        "street_address": "3742 Buell Pass",
        "city": "Mobile",
        "state": "AL",
        "zip_code": "36610"
    },
    "company_phone": "251-465-2040",
    "employees": [574, 86, 950, 203]
},
{
    "id": 14,
    "company_name": "Durgan-Erdman",
    "company_address": {
        "street_address": "14623 Pearson Alley",
        "city": "Lima",
        "state": "OH",
        "zip_code": "45807"
    },
    "company_phone": "419-420-6022",
    "employees": [691, 894, 870, 433]
},
{
    "id": 15,
    "company_name": "Turner Inc",
    "company_address": {
        "street_address": "1 Browning Avenue",
        "city": "Winston Salem",
        "state": "NC",
        "zip_code": "27110"
    },
    "company_phone": "336-966-2636",
    "employees": [384, 414, 988, 815]
},
{
    "id": 16,
    "company_name": "Graham-Blanda",
    "company_address": {
        "street_address": "5432 Alpine Circle",
        "city": "Lexington",
        "state": "KY",
        "zip_code": "40581"
    },
    "company_phone": "859-668-5734",
    "employees": [105, 616, 831, 972]
},
{
    "id": 17,
    "company_name": "Dare, Swaniawski and Reilly",
    "company_address": {
        "street_address": "45830 Superior Road",
        "city": "Atlanta",
        "state": "GA",
        "zip_code": "30351"
    },
    "company_phone": "404-351-1222",
    "employees": [621, 515, 638, 696]
},
{
    "id": 18,
    "company_name": "Deckow, Russel and Kuhn",
    "company_address": {
        "street_address": "9354 Roxbury Park",
        "city": "Stockton",
        "state": "CA",
        "zip_code": "95219"
    },
    "company_phone": "209-650-4209",
    "employees": [101, 132, 165, 647]
},
{
    "id": 19,
    "company_name": "Douglas, Jenkins and Rowe",
    "company_address": {
        "street_address": "8 Express Park",
        "city": "Minneapolis",
        "state": "MN",
        "zip_code": "55480"
    },
    "company_phone": "612-606-7770",
    "employees": [32, 582, 181, 485]
},
{
    "id": 20,
    "company_name": "Gaylord-Kuvalis",
    "company_address": {
        "street_address": "0 Acker Road",
        "city": "Indianapolis",
        "state": "IN",
        "zip_code": "46239"
    },
    "company_phone": "317-432-3339",
    "employees": [897, 750, 134, 210]
},
{
    "id": 21,
    "company_name": "Hamil Inc",
    "company_address": {
        "street_address": "843 Burning Wood Drive",
        "city": "Dallas",
        "state": "TX",
        "zip_code": "75251"
    },
    "company_phone": "214-748-2719",
    "employees": [392, 941, 112, 115]
},
{
    "id": 22,
    "company_name": "Dicki, Heathcote and Ernser",
    "company_address": {
        "street_address": "2 Scofield Way",
        "city": "Columbia",
        "state": "MO",
        "zip_code": "65211"
    },
    "company_phone": "573-671-4922",
    "employees": [230, 265, 591, 217]
},
{
    "id": 23,
    "company_name": "Ward and Sons",
    "company_address": {
        "street_address": "2409 Dakota Alley",
        "city": "Mount Vernon",
        "state": "NY",
        "zip_code": "10557"
    },
    "company_phone": "914-799-6821",
    "employees": [633, 261, 103, 194]
},
{
    "id": 24,
    "company_name": "Larson-Kozey",
    "company_address": {
        "street_address": "67861 Comanche Junction",
        "city": "Chicago",
        "state": "IL",
        "zip_code": "60681"
    },
    "company_phone": "312-853-7368",
    "employees": [276, 824, 848, 56]
},
{
    "id": 25,
    "company_name": "Pagac-Huel",
    "company_address": {
        "street_address": "7160 Cambridge Road",
        "city": "San Diego",
        "state": "CA",
        "zip_code": "92170"
    },
    "company_phone": "619-291-1124",
    "employees": [935, 735, 590, 565]
},
{
    "id": 26,
    "company_name": "Becker, Weber and Kessler",
    "company_address": {
        "street_address": "663 Center Drive",
        "city": "Alhambra",
        "state": "CA",
        "zip_code": "91841"
    },
    "company_phone": "626-328-6922",
    "employees": [427, 57, 600, 541]
},
{
    "id": 27,
    "company_name": "Howe-Prosacco",
    "company_address": {
        "street_address": "6 Chive Plaza",
        "city": "Washington",
        "state": "DC",
        "zip_code": "20420"
    },
    "company_phone": "202-713-1404",
    "employees": [155, 209, 2, 617]
},
{
    "id": 28,
    "company_name": "Conroy, Streich and Kuhic",
    "company_address": {
        "street_address": "43 Kings Place",
        "city": "Scottsdale",
        "state": "AZ",
        "zip_code": "85260"
    },
    "company_phone": "480-393-3504",
    "employees": [45, 387, 383, 607]
},
{
    "id": 29,
    "company_name": "McClure and Sons",
    "company_address": {
        "street_address": "1741 Colorado Hill",
        "city": "San Diego",
        "state": "CA",
        "zip_code": "92176"
    },
    "company_phone": "619-661-7818",
    "employees": [653, 564, 619, 312]
},
{
    "id": 30,
    "company_name": "Abshire, Howell and Walker",
    "company_address": {
        "street_address": "28913 Pine View Street",
        "city": "Aiken",
        "state": "SC",
        "zip_code": "29805"
    },
    "company_phone": "803-971-6176",
    "employees": [264, 810, 728, 513]
},
{
    "id": 31,
    "company_name": "Zboncak-Bahringer",
    "company_address": {
        "street_address": "05 6th Way",
        "city": "Miami",
        "state": "FL",
        "zip_code": "33196"
    },
    "company_phone": "786-801-4968",
    "employees": [834, 580, 426, 250]
},
{
    "id": 32,
    "company_name": "Herman and Sons",
    "company_address": {
        "street_address": "469 Schiller Terrace",
        "city": "Knoxville",
        "state": "TN",
        "zip_code": "37919"
    },
    "company_phone": "865-657-5180",
    "employees": [539, 986, 792, 537]
},
{
    "id": 33,
    "company_name": "Beer-Streich",
    "company_address": {
        "street_address": "15 Garrison Trail",
        "city": "Chula Vista",
        "state": "CA",
        "zip_code": "91913"
    },
    "company_phone": "619-593-8802",
    "employees": [347, 970, 324, 920]
},
{
    "id": 34,
    "company_name": "Barton and Sons",
    "company_address": {
        "street_address": "71 Colorado Avenue",
        "city": "Aiken",
        "state": "SC",
        "zip_code": "29805"
    },
    "company_phone": "803-849-2437",
    "employees": [812, 91, 454, 410]
},
{
    "id": 35,
    "company_name": "Borer Group",
    "company_address": {
        "street_address": "24 Schiller Way",
        "city": "Atlanta",
        "state": "GA",
        "zip_code": "30311"
    },
    "company_phone": "770-927-2124",
    "employees": [836, 659, 703, 770]
},
{
    "id": 36,
    "company_name": "Spinka Group",
    "company_address": {
        "street_address": "660 Kings Circle",
        "city": "Boston",
        "state": "MA",
        "zip_code": "02208"
    },
    "company_phone": "617-410-0342",
    "employees": [790, 365, 829, 714]
},
{
    "id": 37,
    "company_name": "Leuschke LLC",
    "company_address": {
        "street_address": "8 Maple Wood Court",
        "city": "Denton",
        "state": "TX",
        "zip_code": "76210"
    },
    "company_phone": "214-891-4683",
    "employees": [376, 213, 642, 909]
},
{
    "id": 38,
    "company_name": "Stehr, Beer and Boyer",
    "company_address": {
        "street_address": "4051 Brown Way",
        "city": "Irvine",
        "state": "CA",
        "zip_code": "92710"
    },
    "company_phone": "714-396-4315",
    "employees": [286, 949, 293, 449]
},
{
    "id": 39,
    "company_name": "Hirthe, Adams and Reilly",
    "company_address": {
        "street_address": "107 Redwing Circle",
        "city": "Santa Rosa",
        "state": "CA",
        "zip_code": "95405"
    },
    "company_phone": "707-852-3830",
    "employees": [989, 540, 223, 826]
},
{
    "id": 40,
    "company_name": "Sanford-Kihn",
    "company_address": {
        "street_address": "1 Bunker Hill Road",
        "city": "Fredericksburg",
        "state": "VA",
        "zip_code": "22405"
    },
    "company_phone": "540-250-4662",
    "employees": [19, 816, 467, 411]
},
{
    "id": 41,
    "company_name": "Konopelski and Sons",
    "company_address": {
        "street_address": "682 Southridge Lane",
        "city": "Jackson",
        "state": "MS",
        "zip_code": "39236"
    },
    "company_phone": "601-656-8001",
    "employees": [578, 206, 93, 682]
},
{
    "id": 42,
    "company_name": "Pacocha and Sons",
    "company_address": {
        "street_address": "5 Comanche Junction",
        "city": "Pittsburgh",
        "state": "PA",
        "zip_code": "15261"
    },
    "company_phone": "412-632-0040",
    "employees": [319, 677, 272, 753]
},
{
    "id": 43,
    "company_name": "Nikolaus-Rodriguez",
    "company_address": {
        "street_address": "68564 Briar Crest Pass",
        "city": "Davenport",
        "state": "IA",
        "zip_code": "52809"
    },
    "company_phone": "563-819-2146",
    "employees": [270, 880, 424, 729]
},
{
    "id": 44,
    "company_name": "Kuhn-Ryan",
    "company_address": {
        "street_address": "482 Homewood Alley",
        "city": "Montgomery",
        "state": "AL",
        "zip_code": "36177"
    },
    "company_phone": "334-310-8590",
    "employees": [674, 733, 368, 614]
},
{
    "id": 45,
    "company_name": "Barrows LLC",
    "company_address": {
        "street_address": "06 Farragut Pass",
        "city": "Austin",
        "state": "TX",
        "zip_code": "78749"
    },
    "company_phone": "512-626-6346",
    "employees": [698, 895, 830, 522]
},
{
    "id": 46,
    "company_name": "Sauer Group",
    "company_address": {
        "street_address": "702 Riverside Terrace",
        "city": "Worcester",
        "state": "MA",
        "zip_code": "01610"
    },
    "company_phone": "508-774-1708",
    "employees": [866, 948, 297, 551]
},
{
    "id": 47,
    "company_name": "Armstrong and Sons",
    "company_address": {
        "street_address": "80938 Badeau Place",
        "city": "Fort Worth",
        "state": "TX",
        "zip_code": "76105"
    },
    "company_phone": "682-548-3119",
    "employees": [399, 334, 631, 800]
},
{
    "id": 48,
    "company_name": "Grady Group",
    "company_address": {
        "street_address": "721 Hooker Lane",
        "city": "Jamaica",
        "state": "NY",
        "zip_code": "11480"
    },
    "company_phone": "718-873-7561",
    "employees": [977, 727, 883, 760]
},
{
    "id": 49,
    "company_name": "Schoen, Bradtke and Pagac",
    "company_address": {
        "street_address": "2 Ohio Plaza",
        "city": "Kansas City",
        "state": "KS",
        "zip_code": "66160"
    },
    "company_phone": "913-115-1145",
    "employees": [123, 378, 649, 55]
},
{
    "id": 50,
    "company_name": "Heathcote LLC",
    "company_address": {
        "street_address": "1256 Armistice Hill",
        "city": "Reno",
        "state": "NV",
        "zip_code": "89595"
    },
    "company_phone": "775-155-9904",
    "employees": [548, 337, 782, 499]
},
{
    "id": 51,
    "company_name": "Mante, Will and Schmitt",
    "company_address": {
        "street_address": "3 Marcy Plaza",
        "city": "Redwood City",
        "state": "CA",
        "zip_code": "94064"
    },
    "company_phone": "650-890-1761",
    "employees": [131, 971, 840, 281]
},
{
    "id": 52,
    "company_name": "Schimmel, Pfeffer and VonRueden",
    "company_address": {
        "street_address": "9635 Judy Terrace",
        "city": "Huntington",
        "state": "WV",
        "zip_code": "25716"
    },
    "company_phone": "304-857-4496",
    "employees": [997, 469, 791, 597]
},
{
    "id": 53,
    "company_name": "Kling, Miller and Hermann",
    "company_address": {
        "street_address": "65 Truax Place",
        "city": "Phoenix",
        "state": "AZ",
        "zip_code": "85030"
    },
    "company_phone": "602-804-2407",
    "employees": [242, 243, 690, 98]
},
{
    "id": 54,
    "company_name": "Schmeler Group",
    "company_address": {
        "street_address": "79 Dottie Pass",
        "city": "Austin",
        "state": "TX",
        "zip_code": "78715"
    },
    "company_phone": "512-690-0410",
    "employees": [84, 400, 644, 984]
},
{
    "id": 55,
    "company_name": "Keebler-Kulas",
    "company_address": {
        "street_address": "807 Lakewood Center",
        "city": "Colorado Springs",
        "state": "CO",
        "zip_code": "80940"
    },
    "company_phone": "719-112-8186",
    "employees": [835, 161, 140, 415]
},
{
    "id": 56,
    "company_name": "Thompson-Wintheiser",
    "company_address": {
        "street_address": "44 Rockefeller Avenue",
        "city": "Amarillo",
        "state": "TX",
        "zip_code": "79171"
    },
    "company_phone": "806-109-3728",
    "employees": [629, 640, 179, 510]
},
{
    "id": 57,
    "company_name": "Kassulke, Towne and Davis",
    "company_address": {
        "street_address": "1 Claremont Plaza",
        "city": "Frederick",
        "state": "MD",
        "zip_code": "21705"
    },
    "company_phone": "240-144-7553",
    "employees": [310, 48, 720, 18]
},
{
    "id": 58,
    "company_name": "Greenholt Inc",
    "company_address": {
        "street_address": "8965 Lyons Avenue",
        "city": "Bismarck",
        "state": "ND",
        "zip_code": "58505"
    },
    "company_phone": "701-280-6580",
    "employees": [221, 811, 743, 635]
},
{
    "id": 59,
    "company_name": "Hilll, Waters and Bins",
    "company_address": {
        "street_address": "23 Village Green Terrace",
        "city": "Dayton",
        "state": "OH",
        "zip_code": "45490"
    },
    "company_phone": "937-748-1612",
    "employees": [576, 295, 177, 789]
},
{
    "id": 60,
    "company_name": "Hoeger, Monahan and Zemlak",
    "company_address": {
        "street_address": "27 Fuller Circle",
        "city": "Miami",
        "state": "FL",
        "zip_code": "33124"
    },
    "company_phone": "786-677-8124",
    "employees": [905, 666, 672, 687]
},
{
    "id": 61,
    "company_name": "Jakubowski, Kirlin and Zboncak",
    "company_address": {
        "street_address": "0 Ludington Avenue",
        "city": "Virginia Beach",
        "state": "VA",
        "zip_code": "23459"
    },
    "company_phone": "757-867-7788",
    "employees": [519, 959, 902, 431]
},
{
    "id": 62,
    "company_name": "Homenick Inc",
    "company_address": {
        "street_address": "7560 Monica Point",
        "city": "Buffalo",
        "state": "NY",
        "zip_code": "14233"
    },
    "company_phone": "716-753-5983",
    "employees": [477, 993, 65, 904]
},
{
    "id": 63,
    "company_name": "McLaughlin, Bashirian and Schimmel",
    "company_address": {
        "street_address": "7 Memorial Park",
        "city": "Richmond",
        "state": "VA",
        "zip_code": "23225"
    },
    "company_phone": "757-979-3856",
    "employees": [785, 889, 381, 489]
},
{
    "id": 64,
    "company_name": "Schaden LLC",
    "company_address": {
        "street_address": "1 Garrison Avenue",
        "city": "Orlando",
        "state": "FL",
        "zip_code": "32813"
    },
    "company_phone": "321-992-1449",
    "employees": [586, 495, 157, 932]
},
{
    "id": 65,
    "company_name": "Senger-Senger",
    "company_address": {
        "street_address": "0591 Comanche Alley",
        "city": "Inglewood",
        "state": "CA",
        "zip_code": "90310"
    },
    "company_phone": "310-390-5254",
    "employees": [404, 916, 756, 899]
},
{
    "id": 66,
    "company_name": "Price-Beahan",
    "company_address": {
        "street_address": "580 Bellgrove Street",
        "city": "Decatur",
        "state": "GA",
        "zip_code": "30089"
    },
    "company_phone": "770-648-8670",
    "employees": [110, 556, 772, 43]
},
{
    "id": 67,
    "company_name": "Witting-Williamson",
    "company_address": {
        "street_address": "3 Parkside Way",
        "city": "Lexington",
        "state": "KY",
        "zip_code": "40576"
    },
    "company_phone": "859-830-1908",
    "employees": [352, 706, 833, 262]
},
{
    "id": 68,
    "company_name": "Ernser-Heidenreich",
    "company_address": {
        "street_address": "01 Little Fleur Street",
        "city": "Lexington",
        "state": "KY",
        "zip_code": "40591"
    },
    "company_phone": "859-183-7265",
    "employees": [14, 886, 77, 620]
},
{
    "id": 69,
    "company_name": "Hoeger-Kihn",
    "company_address": {
        "street_address": "27 Lawn Crossing",
        "city": "Memphis",
        "state": "TN",
        "zip_code": "38136"
    },
    "company_phone": "901-149-4478",
    "employees": [94, 195, 218, 804]
},
{
    "id": 70,
    "company_name": "Volkman LLC",
    "company_address": {
        "street_address": "850 Lawn Street",
        "city": "Kissimmee",
        "state": "FL",
        "zip_code": "34745"
    },
    "company_phone": "407-583-8049",
    "employees": [183, 196, 491, 379]
},
{
    "id": 71,
    "company_name": "Gorczany-Terry",
    "company_address": {
        "street_address": "2 Stuart Drive",
        "city": "Galveston",
        "state": "TX",
        "zip_code": "77554"
    },
    "company_phone": "281-427-3033",
    "employees": [92, 761, 604, 80]
},
{
    "id": 72,
    "company_name": "Koss-Pollich",
    "company_address": {
        "street_address": "4359 Toban Court",
        "city": "Springfield",
        "state": "MA",
        "zip_code": "01152"
    },
    "company_phone": "413-609-6513",
    "employees": [505, 23, 468, 393]
},
{
    "id": 73,
    "company_name": "Schoen, Ondricka and Haley",
    "company_address": {
        "street_address": "117 Starling Hill",
        "city": "New York City",
        "state": "NY",
        "zip_code": "10125"
    },
    "company_phone": "212-501-0235",
    "employees": [302, 661, 139, 575]
},
{
    "id": 74,
    "company_name": "Raynor LLC",
    "company_address": {
        "street_address": "219 Spenser Trail",
        "city": "Corpus Christi",
        "state": "TX",
        "zip_code": "78475"
    },
    "company_phone": "361-794-9110",
    "employees": [61, 788, 927, 998]
},
{
    "id": 75,
    "company_name": "Waters Inc",
    "company_address": {
        "street_address": "92 Pennsylvania Hill",
        "city": "Philadelphia",
        "state": "PA",
        "zip_code": "19136"
    },
    "company_phone": "215-136-6085",
    "employees": [545, 443, 187, 667]
},
{
    "id": 76,
    "company_name": "Boyle Group",
    "company_address": {
        "street_address": "69 Rutledge Way",
        "city": "El Paso",
        "state": "TX",
        "zip_code": "88514"
    },
    "company_phone": "915-487-6344",
    "employees": [197, 956, 120, 685]
},
{
    "id": 77,
    "company_name": "Walker, Watsica and Wintheiser",
    "company_address": {
        "street_address": "28 Chinook Street",
        "city": "Fort Smith",
        "state": "AR",
        "zip_code": "72905"
    },
    "company_phone": "479-464-0752",
    "employees": [884, 26, 81, 730]
},
{
    "id": 78,
    "company_name": "Ratke-O'Conner",
    "company_address": {
        "street_address": "51 Kennedy Way",
        "city": "Canton",
        "state": "OH",
        "zip_code": "44710"
    },
    "company_phone": "330-338-4784",
    "employees": [236, 701, 601, 420]
},
{
    "id": 79,
    "company_name": "Bayer Inc",
    "company_address": {
        "street_address": "7 Miller Place",
        "city": "Newport News",
        "state": "VA",
        "zip_code": "23605"
    },
    "company_phone": "757-340-8317",
    "employees": [634, 543, 54, 680]
},
{
    "id": 80,
    "company_name": "Rogahn, Grimes and Nienow",
    "company_address": {
        "street_address": "197 Melvin Park",
        "city": "Columbia",
        "state": "MO",
        "zip_code": "65218"
    },
    "company_phone": "573-535-1309",
    "employees": [702, 947, 69, 307]
},
{
    "id": 81,
    "company_name": "Mosciski-Schowalter",
    "company_address": {
        "street_address": "5 Thackeray Terrace",
        "city": "Gaithersburg",
        "state": "MD",
        "zip_code": "20883"
    },
    "company_phone": "240-106-6591",
    "employees": [850, 83, 860, 153]
},
{
    "id": 82,
    "company_name": "Hackett LLC",
    "company_address": {
        "street_address": "88 Rusk Center",
        "city": "Des Moines",
        "state": "IA",
        "zip_code": "50936"
    },
    "company_phone": "515-965-4817",
    "employees": [263, 453, 929, 340]
},
{
    "id": 83,
    "company_name": "Shields Inc",
    "company_address": {
        "street_address": "32353 Arizona Alley",
        "city": "Albany",
        "state": "NY",
        "zip_code": "12242"
    },
    "company_phone": "518-436-2402",
    "employees": [958, 552, 99, 911]
},
{
    "id": 84,
    "company_name": "Ortiz and Sons",
    "company_address": {
        "street_address": "1 Banding Plaza",
        "city": "Anchorage",
        "state": "AK",
        "zip_code": "99599"
    },
    "company_phone": "907-659-4666",
    "employees": [857, 488, 342, 726]
},
{
    "id": 85,
    "company_name": "Jacobson and Sons",
    "company_address": {
        "street_address": "0 Boyd Park",
        "city": "Phoenix",
        "state": "AZ",
        "zip_code": "85083"
    },
    "company_phone": "602-777-2701",
    "employees": [119, 862, 289, 63]
},
{
    "id": 86,
    "company_name": "Littel Inc",
    "company_address": {
        "street_address": "620 Blue Bill Park Terrace",
        "city": "Pittsburgh",
        "state": "PA",
        "zip_code": "15279"
    },
    "company_phone": "412-303-9728",
    "employees": [716, 366, 569, 484]
},
{
    "id": 87,
    "company_name": "Lueilwitz and Sons",
    "company_address": {
        "street_address": "242 Almo Hill",
        "city": "Nashville",
        "state": "TN",
        "zip_code": "37220"
    },
    "company_phone": "615-922-2623",
    "employees": [975, 671, 819, 316]
},
{
    "id": 88,
    "company_name": "Fadel LLC",
    "company_address": {
        "street_address": "55 Sullivan Parkway",
        "city": "Memphis",
        "state": "TN",
        "zip_code": "38161"
    },
    "company_phone": "901-379-2190",
    "employees": [359, 377, 585, 327]
},
{
    "id": 89,
    "company_name": "Daugherty, Ernser and Kuphal",
    "company_address": {
        "street_address": "8543 American Hill",
        "city": "Houston",
        "state": "TX",
        "zip_code": "77030"
    },
    "company_phone": "713-974-5455",
    "employees": [502, 385, 852, 742]
},
{
    "id": 90,
    "company_name": "Kuhn and Sons",
    "company_address": {
        "street_address": "4817 Clyde Gallagher Circle",
        "city": "Miami",
        "state": "FL",
        "zip_code": "33283"
    },
    "company_phone": "305-660-8637",
    "employees": [300, 479, 11, 256]
},
{
    "id": 91,
    "company_name": "Dicki-Grimes",
    "company_address": {
        "street_address": "48 Harbort Center",
        "city": "Vancouver",
        "state": "WA",
        "zip_code": "98687"
    },
    "company_phone": "360-513-2718",
    "employees": [531, 964, 651, 292]
},
{
    "id": 92,
    "company_name": "Hodkiewicz LLC",
    "company_address": {
        "street_address": "2 Vermont Hill",
        "city": "Fort Pierce",
        "state": "FL",
        "zip_code": "34949"
    },
    "company_phone": "772-798-8475",
    "employees": [231, 673, 613, 934]
},
{
    "id": 93,
    "company_name": "Stoltenberg, Kirlin and Schoen",
    "company_address": {
        "street_address": "09 Scofield Lane",
        "city": "Dallas",
        "state": "TX",
        "zip_code": "75342"
    },
    "company_phone": "972-602-2726",
    "employees": [501, 42, 765, 618]
},
{
    "id": 94,
    "company_name": "Anderson-Cronin",
    "company_address": {
        "street_address": "646 Doe Crossing Court",
        "city": "Syracuse",
        "state": "NY",
        "zip_code": "13224"
    },
    "company_phone": "315-926-4688",
    "employees": [222, 944, 526, 953]
},
{
    "id": 95,
    "company_name": "Lind-Mills",
    "company_address": {
        "street_address": "2 Hintze Park",
        "city": "Milwaukee",
        "state": "WI",
        "zip_code": "53220"
    },
    "company_phone": "414-164-7610",
    "employees": [798, 555, 913, 996]
},
{
    "id": 96,
    "company_name": "Keeling, Kihn and Lind",
    "company_address": {
        "street_address": "89197 Maple Street",
        "city": "San Jose",
        "state": "CA",
        "zip_code": "95160"
    },
    "company_phone": "408-342-6811",
    "employees": [749, 401, 797, 228]
},
{
    "id": 97,
    "company_name": "Blanda LLC",
    "company_address": {
        "street_address": "84 Westerfield Lane",
        "city": "Chicago",
        "state": "IL",
        "zip_code": "60619"
    },
    "company_phone": "773-793-8414",
    "employees": [854, 186, 769, 190]
},
{
    "id": 98,
    "company_name": "Morissette-Satterfield",
    "company_address": {
        "street_address": "568 Ohio Court",
        "city": "Huntsville",
        "state": "AL",
        "zip_code": "35805"
    },
    "company_phone": "256-111-5049",
    "employees": [321, 275, 306, 492]
},
{
    "id": 99,
    "company_name": "Nienow, Bayer and Upton",
    "company_address": {
        "street_address": "4455 Anderson Crossing",
        "city": "El Paso",
        "state": "TX",
        "zip_code": "79905"
    },
    "company_phone": "915-223-9926",
    "employees": [577, 82, 630, 432]
},
{
    "id": 100,
    "company_name": "Marquardt-Conn",
    "company_address": {
        "street_address": "3658 Hallows Lane",
        "city": "Seattle",
        "state": "WA",
        "zip_code": "98185"
    },
    "company_phone": "206-589-9130",
    "employees": [869, 363, 333, 839]
},
{
    "id": 101,
    "company_name": "Hackett, Reinger and Beier",
    "company_address": {
        "street_address": "25 Hagan Junction",
        "city": "Reading",
        "state": "PA",
        "zip_code": "19605"
    },
    "company_phone": "484-467-1883",
    "employees": [707, 625, 991, 793]
},
{
    "id": 102,
    "company_name": "Gibson Inc",
    "company_address": {
        "street_address": "6 Washington Road",
        "city": "Irving",
        "state": "TX",
        "zip_code": "75062"
    },
    "company_phone": "214-759-7498",
    "employees": [809, 174, 348, 372]
},
{
    "id": 103,
    "company_name": "Reichel and Sons",
    "company_address": {
        "street_address": "2 Atwood Avenue",
        "city": "Arlington",
        "state": "VA",
        "zip_code": "22217"
    },
    "company_phone": "571-136-1910",
    "employees": [226, 144, 808, 417]
},
{
    "id": 104,
    "company_name": "Heller Inc",
    "company_address": {
        "street_address": "5905 Sherman Pass",
        "city": "Washington",
        "state": "DC",
        "zip_code": "20404"
    },
    "company_phone": "202-381-6696",
    "employees": [5, 154, 20, 933]
},
{
    "id": 105,
    "company_name": "Medhurst Inc",
    "company_address": {
        "street_address": "718 Hanson Terrace",
        "city": "Lake Charles",
        "state": "LA",
        "zip_code": "70616"
    },
    "company_phone": "337-715-0961",
    "employees": [832, 483, 398, 271]
},
{
    "id": 106,
    "company_name": "Kutch, Bernier and Baumbach",
    "company_address": {
        "street_address": "5 East Circle",
        "city": "Madison",
        "state": "WI",
        "zip_code": "53779"
    },
    "company_phone": "608-267-9586",
    "employees": [100, 603, 592, 845]
},
{
    "id": 107,
    "company_name": "Hagenes Inc",
    "company_address": {
        "street_address": "8 Glacier Hill Lane",
        "city": "Green Bay",
        "state": "WI",
        "zip_code": "54313"
    },
    "company_phone": "920-367-1354",
    "employees": [553, 536, 46, 587]
},
{
    "id": 108,
    "company_name": "Nitzsche, Schoen and Fay",
    "company_address": {
        "street_address": "98097 Redwing Court",
        "city": "Bonita Springs",
        "state": "FL",
        "zip_code": "34135"
    },
    "company_phone": "941-545-3149",
    "employees": [923, 320, 910, 168]
},
{
    "id": 109,
    "company_name": "Kreiger-Kozey",
    "company_address": {
        "street_address": "80 Cardinal Court",
        "city": "San Antonio",
        "state": "TX",
        "zip_code": "78240"
    },
    "company_phone": "210-607-1100",
    "employees": [954, 117, 856, 481]
},
{
    "id": 110,
    "company_name": "Rutherford LLC",
    "company_address": {
        "street_address": "02634 Holy Cross Drive",
        "city": "Fort Lauderdale",
        "state": "FL",
        "zip_code": "33345"
    },
    "company_phone": "754-737-5166",
    "employees": [152, 212, 73, 371]
},
{
    "id": 111,
    "company_name": "Bartoletti Group",
    "company_address": {
        "street_address": "8 Esch Pass",
        "city": "Spokane",
        "state": "WA",
        "zip_code": "99260"
    },
    "company_phone": "509-295-0905",
    "employees": [257, 109, 783, 430]
},
{
    "id": 112,
    "company_name": "Lockman LLC",
    "company_address": {
        "street_address": "0828 5th Point",
        "city": "Tyler",
        "state": "TX",
        "zip_code": "75710"
    },
    "company_phone": "903-801-8661",
    "employees": [407, 892, 725, 135]
},
{
    "id": 113,
    "company_name": "Koss-Swift",
    "company_address": {
        "street_address": "7479 Portage Place",
        "city": "Reno",
        "state": "NV",
        "zip_code": "89519"
    },
    "company_phone": "775-335-5342",
    "employees": [965, 858, 802, 654]
},
{
    "id": 114,
    "company_name": "Upton, Kuhn and Tremblay",
    "company_address": {
        "street_address": "476 Arrowood Road",
        "city": "Orlando",
        "state": "FL",
        "zip_code": "32808"
    },
    "company_phone": "321-113-6827",
    "employees": [121, 428, 529, 924]
},
{
    "id": 115,
    "company_name": "Dare-Predovic",
    "company_address": {
        "street_address": "58 Moose Place",
        "city": "Juneau",
        "state": "AK",
        "zip_code": "99812"
    },
    "company_phone": "907-655-1981",
    "employees": [946, 496, 325, 557]
},
{
    "id": 116,
    "company_name": "VonRueden-Cartwright",
    "company_address": {
        "street_address": "0 South Court",
        "city": "Kalamazoo",
        "state": "MI",
        "zip_code": "49048"
    },
    "company_phone": "517-925-0455",
    "employees": [662, 251, 919, 559]
},
{
    "id": 117,
    "company_name": "Schamberger-Wunsch",
    "company_address": {
        "street_address": "51913 Summerview Trail",
        "city": "Vancouver",
        "state": "WA",
        "zip_code": "98664"
    },
    "company_phone": "360-234-4589",
    "employees": [663, 138, 151, 395]
},
{
    "id": 118,
    "company_name": "Jaskolski-Goyette",
    "company_address": {
        "street_address": "1 Bunker Hill Alley",
        "city": "Sacramento",
        "state": "CA",
        "zip_code": "94237"
    },
    "company_phone": "916-418-5988",
    "employees": [464, 980, 814, 282]
},
{
    "id": 119,
    "company_name": "Kozey-Haley",
    "company_address": {
        "street_address": "431 Forest Run Court",
        "city": "Aurora",
        "state": "CO",
        "zip_code": "80045"
    },
    "company_phone": "303-672-1644",
    "employees": [918, 762, 199, 148]
},
{
    "id": 120,
    "company_name": "Bailey, Schaefer and D'Amore",
    "company_address": {
        "street_address": "661 Carpenter Center",
        "city": "Herndon",
        "state": "VA",
        "zip_code": "22070"
    },
    "company_phone": "757-285-5263",
    "employees": [689, 520, 284, 914]
},
{
    "id": 121,
    "company_name": "Eichmann, Witting and Hirthe",
    "company_address": {
        "street_address": "291 Dawn Hill",
        "city": "Washington",
        "state": "DC",
        "zip_code": "20067"
    },
    "company_phone": "202-515-6525",
    "employees": [360, 784, 4, 940]
},
{
    "id": 122,
    "company_name": "Bernhard, Conn and Crooks",
    "company_address": {
        "street_address": "12 Sachtjen Hill",
        "city": "Philadelphia",
        "state": "PA",
        "zip_code": "19146"
    },
    "company_phone": "215-918-6200",
    "employees": [364, 74, 532, 497]
},
{
    "id": 123,
    "company_name": "Doyle, Mertz and Huels",
    "company_address": {
        "street_address": "24202 Kipling Hill",
        "city": "Bridgeport",
        "state": "CT",
        "zip_code": "06606"
    },
    "company_phone": "203-411-9948",
    "employees": [403, 229, 778, 13]
},
{
    "id": 124,
    "company_name": "Hackett LLC",
    "company_address": {
        "street_address": "6111 Spaight Court",
        "city": "Fort Worth",
        "state": "TX",
        "zip_code": "76129"
    },
    "company_phone": "817-393-7474",
    "employees": [711, 478, 523, 598]
},
{
    "id": 125,
    "company_name": "Lockman, O'Kon and Larkin",
    "company_address": {
        "street_address": "66 Helena Circle",
        "city": "Miami",
        "state": "FL",
        "zip_code": "33175"
    },
    "company_phone": "305-307-4355",
    "employees": [413, 786, 49, 807]
},
{
    "id": 126,
    "company_name": "McGlynn LLC",
    "company_address": {
        "street_address": "07 Lindbergh Road",
        "city": "Memphis",
        "state": "TN",
        "zip_code": "38181"
    },
    "company_phone": "901-603-2243",
    "employees": [960, 693, 766, 896]
},
{
    "id": 127,
    "company_name": "Schmeler, Altenwerth and Bahringer",
    "company_address": {
        "street_address": "90 Moland Way",
        "city": "Fresno",
        "state": "CA",
        "zip_code": "93726"
    },
    "company_phone": "209-710-9682",
    "employees": [976, 328, 528, 796]
},
{
    "id": 128,
    "company_name": "Schneider Group",
    "company_address": {
        "street_address": "8 Banding Court",
        "city": "Merrifield",
        "state": "VA",
        "zip_code": "22119"
    },
    "company_phone": "571-124-5947",
    "employees": [380, 192, 16, 78]
},
{
    "id": 129,
    "company_name": "Stoltenberg-Bashirian",
    "company_address": {
        "street_address": "9655 Heath Park",
        "city": "Kansas City",
        "state": "MO",
        "zip_code": "64125"
    },
    "company_phone": "816-877-0507",
    "employees": [514, 416, 90, 650]
},
{
    "id": 130,
    "company_name": "Crooks-Rogahn",
    "company_address": {
        "street_address": "272 Gina Drive",
        "city": "El Paso",
        "state": "TX",
        "zip_code": "88563"
    },
    "company_phone": "915-848-3852",
    "employees": [715, 737, 444, 208]
},
{
    "id": 131,
    "company_name": "Larkin Inc",
    "company_address": {
        "street_address": "7 Superior Court",
        "city": "Bakersfield",
        "state": "CA",
        "zip_code": "93381"
    },
    "company_phone": "661-782-0287",
    "employees": [233, 58, 434, 771]
},
{
    "id": 132,
    "company_name": "Hand-Miller",
    "company_address": {
        "street_address": "2504 Burning Wood Hill",
        "city": "Modesto",
        "state": "CA",
        "zip_code": "95397"
    },
    "company_phone": "209-241-6889",
    "employees": [570, 303, 386, 560]
},
{
    "id": 133,
    "company_name": "Purdy-Jenkins",
    "company_address": {
        "street_address": "56 Dexter Circle",
        "city": "Houston",
        "state": "TX",
        "zip_code": "77080"
    },
    "company_phone": "281-173-3302",
    "employees": [409, 572, 116, 599]
},
{
    "id": 134,
    "company_name": "Carroll-McKenzie",
    "company_address": {
        "street_address": "4 Carpenter Point",
        "city": "Huntsville",
        "state": "AL",
        "zip_code": "35805"
    },
    "company_phone": "256-203-3484",
    "employees": [822, 71, 456, 298]
},
{
    "id": 135,
    "company_name": "Reynolds Inc",
    "company_address": {
        "street_address": "36982 Bartelt Drive",
        "city": "Los Angeles",
        "state": "CA",
        "zip_code": "90035"
    },
    "company_phone": "818-344-1066",
    "employees": [697, 646, 987, 926]
},
{
    "id": 136,
    "company_name": "Heidenreich and Sons",
    "company_address": {
        "street_address": "15857 Helena Way",
        "city": "Roanoke",
        "state": "VA",
        "zip_code": "24040"
    },
    "company_phone": "540-209-9120",
    "employees": [375, 891, 460, 396]
},
{
    "id": 137,
    "company_name": "Roberts Inc",
    "company_address": {
        "street_address": "2303 Burning Wood Parkway",
        "city": "Austin",
        "state": "TX",
        "zip_code": "78726"
    },
    "company_phone": "512-821-8259",
    "employees": [238, 863, 437, 314]
},
{
    "id": 138,
    "company_name": "Koch Inc",
    "company_address": {
        "street_address": "2489 Ryan Street",
        "city": "Woburn",
        "state": "MA",
        "zip_code": "01813"
    },
    "company_phone": "339-216-9408",
    "employees": [723, 176, 963, 239]
},
{
    "id": 139,
    "company_name": "Wisozk-Dicki",
    "company_address": {
        "street_address": "21023 Pine View Center",
        "city": "Bakersfield",
        "state": "CA",
        "zip_code": "93381"
    },
    "company_phone": "661-548-4139",
    "employees": [868, 900, 390, 978]
},
{
    "id": 140,
    "company_name": "Thompson-Erdman",
    "company_address": {
        "street_address": "1829 Ridge Oak Crossing",
        "city": "Columbus",
        "state": "GA",
        "zip_code": "31914"
    },
    "company_phone": "706-612-8140",
    "employees": [162, 817, 178, 535]
},
{
    "id": 141,
    "company_name": "Mosciski, Bayer and O'Keefe",
    "company_address": {
        "street_address": "9427 Truax Place",
        "city": "Sioux Falls",
        "state": "SD",
        "zip_code": "57105"
    },
    "company_phone": "605-537-0404",
    "employees": [775, 893, 102, 459]
},
{
    "id": 142,
    "company_name": "Effertz Inc",
    "company_address": {
        "street_address": "8 Melby Plaza",
        "city": "Richmond",
        "state": "VA",
        "zip_code": "23213"
    },
    "company_phone": "804-891-9986",
    "employees": [163, 849, 346, 708]
},
{
    "id": 143,
    "company_name": "Ankunding-Luettgen",
    "company_address": {
        "street_address": "419 Derek Lane",
        "city": "New York City",
        "state": "NY",
        "zip_code": "10131"
    },
    "company_phone": "212-104-9409",
    "employees": [530, 678, 448, 712]
},
{
    "id": 144,
    "company_name": "Cremin, Simonis and Batz",
    "company_address": {
        "street_address": "47 Division Lane",
        "city": "Lancaster",
        "state": "PA",
        "zip_code": "17605"
    },
    "company_phone": "717-700-9547",
    "employees": [124, 995, 992, 679]
},
{
    "id": 145,
    "company_name": "Swaniawski Group",
    "company_address": {
        "street_address": "7721 Manufacturers Point",
        "city": "Austin",
        "state": "TX",
        "zip_code": "78726"
    },
    "company_phone": "512-534-2625",
    "employees": [842, 391, 253, 554]
},
{
    "id": 146,
    "company_name": "Grady and Sons",
    "company_address": {
        "street_address": "4269 Longview Way",
        "city": "Springfield",
        "state": "OH",
        "zip_code": "45505"
    },
    "company_phone": "937-129-8170",
    "employees": [636, 609, 738, 429]
},
{
    "id": 147,
    "company_name": "Reilly, Hyatt and Hessel",
    "company_address": {
        "street_address": "206 Kipling Court",
        "city": "Huntsville",
        "state": "AL",
        "zip_code": "35895"
    },
    "company_phone": "256-562-1186",
    "employees": [473, 259, 474, 258]
},
{
    "id": 148,
    "company_name": "Beahan-Pfeffer",
    "company_address": {
        "street_address": "32356 Artisan Alley",
        "city": "Salt Lake City",
        "state": "UT",
        "zip_code": "84110"
    },
    "company_phone": "801-209-5343",
    "employees": [563, 224, 931, 538]
},
{
    "id": 149,
    "company_name": "Rogahn, Morar and Heidenreich",
    "company_address": {
        "street_address": "3327 Pearson Point",
        "city": "Lubbock",
        "state": "TX",
        "zip_code": "79491"
    },
    "company_phone": "806-193-7082",
    "employees": [567, 419, 780, 31]
},
{
    "id": 150,
    "company_name": "Mayert and Sons",
    "company_address": {
        "street_address": "37853 Sunnyside Park",
        "city": "Baltimore",
        "state": "MD",
        "zip_code": "21203"
    },
    "company_phone": "410-287-6806",
    "employees": [813, 249, 52, 508]
},
{
    "id": 151,
    "company_name": "Kunde, Murazik and Lind",
    "company_address": {
        "street_address": "02 Summit Plaza",
        "city": "Saint Louis",
        "state": "MO",
        "zip_code": "63136"
    },
    "company_phone": "314-168-6374",
    "employees": [193, 593, 59, 623]
},
{
    "id": 152,
    "company_name": "Balistreri-Hayes",
    "company_address": {
        "street_address": "4 Ramsey Avenue",
        "city": "Bridgeport",
        "state": "CT",
        "zip_code": "06606"
    },
    "company_phone": "203-305-8537",
    "employees": [358, 170, 356, 107]
},
{
    "id": 153,
    "company_name": "Wyman, Gislason and Reichert",
    "company_address": {
        "street_address": "83544 Rigney Pass",
        "city": "Montgomery",
        "state": "AL",
        "zip_code": "36134"
    },
    "company_phone": "334-804-7021",
    "employees": [676, 1000, 305, 104]
},
{
    "id": 154,
    "company_name": "Lehner Inc",
    "company_address": {
        "street_address": "5998 Kings Terrace",
        "city": "Tucson",
        "state": "AZ",
        "zip_code": "85720"
    },
    "company_phone": "520-102-9606",
    "employees": [421, 957, 6, 967]
},
{
    "id": 155,
    "company_name": "Kessler-Cremin",
    "company_address": {
        "street_address": "5 Tomscot Trail",
        "city": "Dallas",
        "state": "TX",
        "zip_code": "75231"
    },
    "company_phone": "214-762-7547",
    "employees": [795, 511, 982, 844]
},
{
    "id": 156,
    "company_name": "Considine Inc",
    "company_address": {
        "street_address": "71790 Lakewood Gardens Parkway",
        "city": "New Haven",
        "state": "CT",
        "zip_code": "06538"
    },
    "company_phone": "203-552-2371",
    "employees": [458, 768, 628, 568]
},
{
    "id": 157,
    "company_name": "O'Keefe, Emard and Moore",
    "company_address": {
        "street_address": "36 Donald Point",
        "city": "Stockton",
        "state": "CA",
        "zip_code": "95205"
    },
    "company_phone": "209-265-5132",
    "employees": [85, 331, 945, 244]
},
{
    "id": 158,
    "company_name": "Swift, Pfannerstill and Rippin",
    "company_address": {
        "street_address": "7 Rockefeller Center",
        "city": "Spring Hill",
        "state": "FL",
        "zip_code": "34611"
    },
    "company_phone": "352-852-6394",
    "employees": [435, 754, 524, 322]
},
{
    "id": 159,
    "company_name": "Pfeffer-Hills",
    "company_address": {
        "street_address": "234 Erie Pass",
        "city": "Syracuse",
        "state": "NY",
        "zip_code": "13217"
    },
    "company_phone": "315-168-5412",
    "employees": [546, 741, 865, 290]
},
{
    "id": 160,
    "company_name": "Hahn, Bahringer and Legros",
    "company_address": {
        "street_address": "888 Del Sol Drive",
        "city": "Killeen",
        "state": "TX",
        "zip_code": "76544"
    },
    "company_phone": "254-615-8889",
    "employees": [908, 907, 326, 280]
},
{
    "id": 161,
    "company_name": "Witting Group",
    "company_address": {
        "street_address": "18566 Pearson Park",
        "city": "Denver",
        "state": "CO",
        "zip_code": "80279"
    },
    "company_phone": "303-702-7219",
    "employees": [332, 990, 167, 95]
},
{
    "id": 162,
    "company_name": "Turner Enterprises",
    "company_address": {
        "street_address": "9 Bonner Court",
        "city": "Salt Lake City",
        "state": "UT",
        "zip_code": "84189"
    },
    "company_phone": "801-734-7803",
    "employees": [255, 41, 718, 51]
},
{
    "id": 163,
    "company_name": "Hamill LLC",
    "company_address": {
        "street_address": "822 Fremont Circle",
        "city": "Chicago",
        "state": "IL",
        "zip_code": "60646"
    },
    "company_phone": "312-603-4854",
    "employees": [675, 397, 645, 299]
},
{
    "id": 164,
    "company_name": "Conroy, Mueller and Harris",
    "company_address": {
        "street_address": "328 Hovde Alley",
        "city": "Huntsville",
        "state": "AL",
        "zip_code": "35895"
    },
    "company_phone": "256-888-6571",
    "employees": [827, 752, 185, 877]
},
{
    "id": 165,
    "company_name": "Barton, Rowe and Kuhlman",
    "company_address": {
        "street_address": "79186 Welch Lane",
        "city": "Baltimore",
        "state": "MD",
        "zip_code": "21275"
    },
    "company_phone": "410-418-8265",
    "employees": [872, 878, 518, 184]
},
{
    "id": 166,
    "company_name": "Harvey, Hand and Cronin",
    "company_address": {
        "street_address": "0937 Riverside Parkway",
        "city": "Columbus",
        "state": "OH",
        "zip_code": "43220"
    },
    "company_phone": "614-768-1621",
    "employees": [219, 268, 681, 35]
},
{
    "id": 167,
    "company_name": "Prosacco Group",
    "company_address": {
        "street_address": "8167 Heffernan Trail",
        "city": "Wilmington",
        "state": "DE",
        "zip_code": "19886"
    },
    "company_phone": "302-585-0379",
    "employees": [232, 763, 951, 113]
},
{
    "id": 168,
    "company_name": "Kulas-Ziemann",
    "company_address": {
        "street_address": "04751 Westport Lane",
        "city": "San Diego",
        "state": "CA",
        "zip_code": "92170"
    },
    "company_phone": "619-520-8326",
    "employees": [709, 180, 705, 237]
},
{
    "id": 169,
    "company_name": "Kihn LLC",
    "company_address": {
        "street_address": "3 Sloan Point",
        "city": "Portland",
        "state": "OR",
        "zip_code": "97232"
    },
    "company_phone": "971-958-1450",
    "employees": [550, 503, 12, 446]
},
{
    "id": 170,
    "company_name": "Tillman and Sons",
    "company_address": {
        "street_address": "0664 Esker Court",
        "city": "Dayton",
        "state": "OH",
        "zip_code": "45419"
    },
    "company_phone": "937-230-9031",
    "employees": [828, 686, 330, 147]
},
{
    "id": 171,
    "company_name": "Crist, Howell and Gleichner",
    "company_address": {
        "street_address": "146 Barnett Place",
        "city": "Anniston",
        "state": "AL",
        "zip_code": "36205"
    },
    "company_phone": "256-289-5866",
    "employees": [973, 684, 455, 137]
},
{
    "id": 172,
    "company_name": "Shields, Douglas and Orn",
    "company_address": {
        "street_address": "74022 Bashford Parkway",
        "city": "Phoenix",
        "state": "AZ",
        "zip_code": "85010"
    },
    "company_phone": "602-107-7807",
    "employees": [779, 579, 480, 442]
},
{
    "id": 173,
    "company_name": "Johnson-Rutherford",
    "company_address": {
        "street_address": "27 Myrtle Street",
        "city": "Saint Louis",
        "state": "MO",
        "zip_code": "63150"
    },
    "company_phone": "314-674-3378",
    "employees": [68, 1, 62, 688]
},
{
    "id": 174,
    "company_name": "Howe, Klocko and Walter",
    "company_address": {
        "street_address": "67640 Milwaukee Alley",
        "city": "Greeley",
        "state": "CO",
        "zip_code": "80638"
    },
    "company_phone": "970-508-6961",
    "employees": [583, 874, 781, 66]
},
{
    "id": 175,
    "company_name": "Waters-Kuhic",
    "company_address": {
        "street_address": "3483 Nova Trail",
        "city": "Denton",
        "state": "TX",
        "zip_code": "76210"
    },
    "company_phone": "940-351-1513",
    "employees": [767, 922, 527, 549]
},
{
    "id": 176,
    "company_name": "Witting-Kreiger",
    "company_address": {
        "street_address": "862 Ronald Regan Street",
        "city": "Long Beach",
        "state": "CA",
        "zip_code": "90810"
    },
    "company_phone": "310-655-0292",
    "employees": [146, 670, 394, 37]
},
{
    "id": 177,
    "company_name": "Wisoky-Boyle",
    "company_address": {
        "street_address": "5808 Jana Pass",
        "city": "Las Vegas",
        "state": "NV",
        "zip_code": "89160"
    },
    "company_phone": "702-967-7019",
    "employees": [254, 648, 169, 133]
},
{
    "id": 178,
    "company_name": "Hayes Inc",
    "company_address": {
        "street_address": "64103 Toban Center",
        "city": "Fort Lauderdale",
        "state": "FL",
        "zip_code": "33355"
    },
    "company_phone": "754-168-9585",
    "employees": [269, 159, 517, 353]
},
{
    "id": 179,
    "company_name": "Durgan LLC",
    "company_address": {
        "street_address": "60 Pennsylvania Lane",
        "city": "Minneapolis",
        "state": "MN",
        "zip_code": "55480"
    },
    "company_phone": "612-604-7021",
    "employees": [994, 509, 915, 214]
},
{
    "id": 180,
    "company_name": "Hyatt-Renner",
    "company_address": {
        "street_address": "12 Spaight Alley",
        "city": "Milwaukee",
        "state": "WI",
        "zip_code": "53210"
    },
    "company_phone": "414-811-2184",
    "employees": [10, 329, 774, 504]
},
{
    "id": 181,
    "company_name": "Baumbach, Legros and O'Kon",
    "company_address": {
        "street_address": "69 Londonderry Drive",
        "city": "Indianapolis",
        "state": "IN",
        "zip_code": "46226"
    },
    "company_phone": "317-608-2957",
    "employees": [53, 721, 374, 626]
},
{
    "id": 182,
    "company_name": "Weissnat-Cartwright",
    "company_address": {
        "street_address": "91193 Truax Terrace",
        "city": "Minneapolis",
        "state": "MN",
        "zip_code": "55487"
    },
    "company_phone": "612-928-4526",
    "employees": [220, 369, 126, 317]
},
{
    "id": 183,
    "company_name": "Ferry Group",
    "company_address": {
        "street_address": "23 Holmberg Trail",
        "city": "Houston",
        "state": "TX",
        "zip_code": "77050"
    },
    "company_phone": "281-507-7156",
    "employees": [182, 525, 88, 952]
},
{
    "id": 184,
    "company_name": "Feest, Huels and Franecki",
    "company_address": {
        "street_address": "19876 Lake View Pass",
        "city": "Newark",
        "state": "NJ",
        "zip_code": "07104"
    },
    "company_phone": "973-867-0448",
    "employees": [843, 441, 76, 516]
},
{
    "id": 185,
    "company_name": "Schiller LLC",
    "company_address": {
        "street_address": "15837 Gulseth Lane",
        "city": "Orange",
        "state": "CA",
        "zip_code": "92867"
    },
    "company_phone": "714-681-9505",
    "employees": [955, 639, 79, 961]
},
{
    "id": 186,
    "company_name": "Wisozk and Sons",
    "company_address": {
        "street_address": "8 Mitchell Street",
        "city": "Evansville",
        "state": "IN",
        "zip_code": "47719"
    },
    "company_phone": "812-403-4362",
    "employees": [622, 33, 776, 746]
},
{
    "id": 187,
    "company_name": "Raynor, Bartell and Balistreri",
    "company_address": {
        "street_address": "8 Magdeline Point",
        "city": "Saint Paul",
        "state": "MN",
        "zip_code": "55115"
    },
    "company_phone": "651-351-7220",
    "employees": [260, 143, 805, 338]
},
{
    "id": 188,
    "company_name": "Ruecker-Dare",
    "company_address": {
        "street_address": "9 Nelson Road",
        "city": "Albuquerque",
        "state": "NM",
        "zip_code": "87180"
    },
    "company_phone": "505-459-2335",
    "employees": [60, 925, 108, 274]
},
{
    "id": 189,
    "company_name": "Hamill Paper",
    "company_address": {
        "street_address": "62135 Messerschmidt Drive",
        "city": "Shawnee Mission",
        "state": "KS",
        "zip_code": "66215"
    },
    "company_phone": "913-641-7883",
    "employees": [39, 3, 216, 637]
},
{
    "id": 190,
    "company_name": "Runte-Greenfelder",
    "company_address": {
        "street_address": "2755 Fieldstone Terrace",
        "city": "Houston",
        "state": "TX",
        "zip_code": "77276"
    },
    "company_phone": "713-749-3430",
    "employees": [755, 713, 966, 486]
},
{
    "id": 191,
    "company_name": "Shields-Oberbrunner",
    "company_address": {
        "street_address": "483 Grayhawk Lane",
        "city": "Cleveland",
        "state": "OH",
        "zip_code": "44118"
    },
    "company_phone": "216-686-4722",
    "employees": [344, 748, 266, 160]
},
{
    "id": 192,
    "company_name": "Sporer Inc",
    "company_address": {
        "street_address": "480 Randy Lane",
        "city": "North Little Rock",
        "state": "AR",
        "zip_code": "72199"
    },
    "company_phone": "501-666-9040",
    "employees": [758, 898, 171, 40]
},
{
    "id": 193,
    "company_name": "Hessel, Windler and Lebsack",
    "company_address": {
        "street_address": "5778 International Parkway",
        "city": "Pasadena",
        "state": "CA",
        "zip_code": "91131"
    },
    "company_phone": "626-707-8912",
    "employees": [318, 588, 694, 309]
},
{
    "id": 194,
    "company_name": "Durgan, Glover and Fisher",
    "company_address": {
        "street_address": "80329 Elgar Pass",
        "city": "Washington",
        "state": "DC",
        "zip_code": "20436"
    },
    "company_phone": "202-112-2595",
    "employees": [887, 461, 612, 389]
},
{
    "id": 195,
    "company_name": "Lesch, Mills and Crist",
    "company_address": {
        "street_address": "08 Troy Place",
        "city": "Colorado Springs",
        "state": "CO",
        "zip_code": "80951"
    },
    "company_phone": "719-981-5479",
    "employees": [595, 145, 745, 240]
},
{
    "id": 196,
    "company_name": "Runte and Sons",
    "company_address": {
        "street_address": "8 Dennis Avenue",
        "city": "Saginaw",
        "state": "MI",
        "zip_code": "48604"
    },
    "company_phone": "989-971-3300",
    "employees": [521, 838, 447, 803]
},
{
    "id": 197,
    "company_name": "Schmeler, Orn and Klein",
    "company_address": {
        "street_address": "8115 Green Ridge Way",
        "city": "Hyattsville",
        "state": "MD",
        "zip_code": "20784"
    },
    "company_phone": "301-308-0372",
    "employees": [335, 571, 465, 544]
},
{
    "id": 198,
    "company_name": "Hilll, Goyette and Padberg",
    "company_address": {
        "street_address": "17163 Meadow Valley Pass",
        "city": "Little Rock",
        "state": "AR",
        "zip_code": "72209"
    },
    "company_phone": "501-984-2827",
    "employees": [339, 247, 201, 699]
},
{
    "id": 199,
    "company_name": "Blick, Schmidt and Kreiger",
    "company_address": {
        "street_address": "4617 Iowa Junction",
        "city": "Gainesville",
        "state": "GA",
        "zip_code": "30506"
    },
    "company_phone": "404-549-4604",
    "employees": [438, 200, 608, 859]
},
{
    "id": 200,
    "company_name": "Johnson-McClure",
    "company_address": {
        "street_address": "3028 Laurel Street",
        "city": "Charleston",
        "state": "SC",
        "zip_code": "29411"
    },
    "company_phone": "843-592-6686",
    "employees": [129, 806, 136, 24]
},
{
    "id": 201,
    "company_name": "Lockman-Fisher",
    "company_address": {
        "street_address": "24437 Springs Lane",
        "city": "Alexandria",
        "state": "VA",
        "zip_code": "22301"
    },
    "company_phone": "202-983-9736",
    "employees": [9, 943, 227, 624]
},
{
    "id": 202,
    "company_name": "Schiller and Sons",
    "company_address": {
        "street_address": "05381 Spenser Trail",
        "city": "Huntington",
        "state": "WV",
        "zip_code": "25775"
    },
    "company_phone": "304-360-5716",
    "employees": [439, 313, 853, 245]
},
{
    "id": 203,
    "company_name": "Schmitt, Rippin and Wisozk",
    "company_address": {
        "street_address": "441 Commercial Park",
        "city": "Chicago",
        "state": "IL",
        "zip_code": "60697"
    },
    "company_phone": "312-281-6240",
    "employees": [937, 732, 912, 787]
},
{
    "id": 204,
    "company_name": "Christiansen Group",
    "company_address": {
        "street_address": "23465 Memorial Hill",
        "city": "Fresno",
        "state": "CA",
        "zip_code": "93794"
    },
    "company_phone": "559-109-6322",
    "employees": [751, 38, 301, 8]
},
{
    "id": 205,
    "company_name": "Torphy LLC",
    "company_address": {
        "street_address": "9245 Ridge Oak Center",
        "city": "Jacksonville",
        "state": "FL",
        "zip_code": "32255"
    },
    "company_phone": "904-298-0344",
    "employees": [279, 44, 215, 388]
},
{
    "id": 206,
    "company_name": "Daniel, Kreiger and Gerhold",
    "company_address": {
        "street_address": "35 Bunker Hill Junction",
        "city": "Sacramento",
        "state": "CA",
        "zip_code": "95818"
    },
    "company_phone": "530-623-8043",
    "employees": [875, 876, 660, 939]
},
{
    "id": 207,
    "company_name": "Lesch-Paucek",
    "company_address": {
        "street_address": "753 Tony Terrace",
        "city": "Louisville",
        "state": "KY",
        "zip_code": "40225"
    },
    "company_phone": "502-368-9148",
    "employees": [450, 818, 462, 370]
},
{
    "id": 208,
    "company_name": "Farrell Group",
    "company_address": {
        "street_address": "742 Glacier Hill Point",
        "city": "Dallas",
        "state": "TX",
        "zip_code": "75367"
    },
    "company_phone": "214-594-5640",
    "employees": [127, 490, 355, 150]
},
{
    "id": 209,
    "company_name": "Will, Parisian and Armstrong",
    "company_address": {
        "street_address": "5906 Magdeline Center",
        "city": "Raleigh",
        "state": "NC",
        "zip_code": "27635"
    },
    "company_phone": "919-787-7261",
    "employees": [561, 241, 962, 665]
},
{
    "id": 210,
    "company_name": "Kiehn-Rohan",
    "company_address": {
        "street_address": "1 Caliangt Junction",
        "city": "Sacramento",
        "state": "CA",
        "zip_code": "94291"
    },
    "company_phone": "916-759-8703",
    "employees": [97, 641, 744, 156]
},
{
    "id": 211,
    "company_name": "Hills and Sons",
    "company_address": {
        "street_address": "2991 Derek Avenue",
        "city": "Phoenix",
        "state": "AZ",
        "zip_code": "85025"
    },
    "company_phone": "480-782-8654",
    "employees": [615, 724, 903, 777]
},
{
    "id": 212,
    "company_name": "Mraz, Wintheiser and Gislason",
    "company_address": {
        "street_address": "629 La Follette Pass",
        "city": "Milwaukee",
        "state": "WI",
        "zip_code": "53263"
    },
    "company_phone": "414-255-4834",
    "employees": [936, 668, 487, 632]
},
{
    "id": 213,
    "company_name": "Quigley Group",
    "company_address": {
        "street_address": "77 Homewood Crossing",
        "city": "Little Rock",
        "state": "AR",
        "zip_code": "72215"
    },
    "company_phone": "501-853-8258",
    "employees": [211, 494, 418, 581]
},
{
    "id": 214,
    "company_name": "Frami and Sons",
    "company_address": {
        "street_address": "8173 Dorton Parkway",
        "city": "Minneapolis",
        "state": "MN",
        "zip_code": "55448"
    },
    "company_phone": "612-205-8205",
    "employees": [451, 864, 611, 722]
},
{
    "id": 215,
    "company_name": "Stehr Inc",
    "company_address": {
        "street_address": "070 Vahlen Trail",
        "city": "San Francisco",
        "state": "CA",
        "zip_code": "94159"
    },
    "company_phone": "415-999-3490",
    "employees": [89, 917, 584, 773]
},
{
    "id": 216,
    "company_name": "Abernathy-Schamberger",
    "company_address": {
        "street_address": "3 Straubel Drive",
        "city": "Lancaster",
        "state": "PA",
        "zip_code": "17622"
    },
    "company_phone": "717-547-1943",
    "employees": [507, 349, 695, 493]
},
{
    "id": 217,
    "company_name": "Hauck, Davis and Stanton",
    "company_address": {
        "street_address": "7 Grayhawk Plaza",
        "city": "Memphis",
        "state": "TN",
        "zip_code": "38131"
    },
    "company_phone": "901-982-2632",
    "employees": [283, 278, 343, 573]
},
{
    "id": 218,
    "company_name": "Mann LLC",
    "company_address": {
        "street_address": "4820 Holmberg Hill",
        "city": "Dearborn",
        "state": "MI",
        "zip_code": "48126"
    },
    "company_phone": "734-617-6679",
    "employees": [382, 198, 498, 739]
},
{
    "id": 219,
    "company_name": "Parker, MacGyver and Zboncak",
    "company_address": {
        "street_address": "26820 Sullivan Park",
        "city": "New York City",
        "state": "NY",
        "zip_code": "10019"
    },
    "company_phone": "646-213-6908",
    "employees": [158, 406, 25, 252]
},
{
    "id": 220,
    "company_name": "Wilderman, Berge and Christiansen",
    "company_address": {
        "street_address": "193 Sutherland Parkway",
        "city": "Pasadena",
        "state": "CA",
        "zip_code": "91131"
    },
    "company_phone": "626-209-9161",
    "employees": [29, 901, 423, 669]
},
{
    "id": 221,
    "company_name": "Skiles, Kessler and Adams",
    "company_address": {
        "street_address": "4847 Myrtle Place",
        "city": "Grand Rapids",
        "state": "MI",
        "zip_code": "49505"
    },
    "company_phone": "616-462-6764",
    "employees": [533, 235, 710, 422]
},
{
    "id": 222,
    "company_name": "Windler Group",
    "company_address": {
        "street_address": "88 Golf View Crossing",
        "city": "Lexington",
        "state": "KY",
        "zip_code": "40505"
    },
    "company_phone": "859-422-8696",
    "employees": [294, 837, 589, 304]
},
{
    "id": 223,
    "company_name": "Larson LLC",
    "company_address": {
        "street_address": "13961 Maple Wood Circle",
        "city": "Hartford",
        "state": "CT",
        "zip_code": "06152"
    },
    "company_phone": "860-908-5628",
    "employees": [656, 205, 463, 75]
},
{
    "id": 224,
    "company_name": "O'Reilly, Denesik and Kozey",
    "company_address": {
        "street_address": "08327 Bashford Plaza",
        "city": "Denver",
        "state": "CO",
        "zip_code": "80262"
    },
    "company_phone": "303-674-6367",
    "employees": [17, 72, 248, 87]
},
{
    "id": 225,
    "company_name": "Graham, Oberbrunner and Gusikowski",
    "company_address": {
        "street_address": "949 Pleasure Avenue",
        "city": "Sarasota",
        "state": "FL",
        "zip_code": "34238"
    },
    "company_phone": "941-128-4433",
    "employees": [234, 938, 440, 296]
},
{
    "id": 226,
    "company_name": "Gerhold Group",
    "company_address": {
        "street_address": "77218 Mockingbird Point",
        "city": "Philadelphia",
        "state": "PA",
        "zip_code": "19141"
    },
    "company_phone": "215-375-9232",
    "employees": [225, 855, 204, 476]
},
{
    "id": 227,
    "company_name": "Krajcik Inc",
    "company_address": {
        "street_address": "48725 Memorial Junction",
        "city": "Albany",
        "state": "NY",
        "zip_code": "12237"
    },
    "company_phone": "518-898-7708",
    "employees": [291, 871, 122, 643]
},
{
    "id": 228,
    "company_name": "Kutch LLC",
    "company_address": {
        "street_address": "2 Brickson Park Hill",
        "city": "Houston",
        "state": "TX",
        "zip_code": "77085"
    },
    "company_phone": "713-161-9653",
    "employees": [801, 717, 351, 277]
},
{
    "id": 229,
    "company_name": "Stiedemann and Sons",
    "company_address": {
        "street_address": "74043 Fulton Trail",
        "city": "Fort Wayne",
        "state": "IN",
        "zip_code": "46805"
    },
    "company_phone": "260-198-7685",
    "employees": [610, 149, 30, 436]
},
{
    "id": 230,
    "company_name": "Fisher, Hermann and Hahn",
    "company_address": {
        "street_address": "95 Golf Alley",
        "city": "Pittsburgh",
        "state": "PA",
        "zip_code": "15205"
    },
    "company_phone": "724-107-2232",
    "employees": [21, 979, 202, 719]
},
{
    "id": 231,
    "company_name": "Dietrich-Watsica",
    "company_address": {
        "street_address": "0 Brown Crossing",
        "city": "Philadelphia",
        "state": "PA",
        "zip_code": "19104"
    },
    "company_phone": "610-682-4090",
    "employees": [188, 315, 847, 602]
},
{
    "id": 232,
    "company_name": "Senger Group",
    "company_address": {
        "street_address": "838 Hayes Center",
        "city": "Tampa",
        "state": "FL",
        "zip_code": "33620"
    },
    "company_phone": "813-718-6302",
    "employees": [47, 512, 841, 562]
},
{
    "id": 233,
    "company_name": "Brakus Group",
    "company_address": {
        "street_address": "21062 Sloan Street",
        "city": "Orlando",
        "state": "FL",
        "zip_code": "32803"
    },
    "company_phone": "321-167-4591",
    "employees": [867, 470, 969, 825]
},
{
    "id": 234,
    "company_name": "Koelpin and Sons",
    "company_address": {
        "street_address": "960 Northfield Lane",
        "city": "Minneapolis",
        "state": "MN",
        "zip_code": "55458"
    },
    "company_phone": "612-160-2525",
    "employees": [362, 412, 175, 861]
},
{
    "id": 235,
    "company_name": "Shields LLC",
    "company_address": {
        "street_address": "7 Di Loreto Road",
        "city": "Chicago",
        "state": "IL",
        "zip_code": "60681"
    },
    "company_phone": "312-977-3108",
    "employees": [506, 350, 130, 534]
},
{
    "id": 236,
    "company_name": "Abshire Inc",
    "company_address": {
        "street_address": "68669 Dawn Avenue",
        "city": "Houston",
        "state": "TX",
        "zip_code": "77228"
    },
    "company_phone": "713-222-7218",
    "employees": [22, 50, 921, 341]
},
{
    "id": 237,
    "company_name": "Nikolaus, Block and Schultz",
    "company_address": {
        "street_address": "438 Little Fleur Way",
        "city": "Anniston",
        "state": "AL",
        "zip_code": "36205"
    },
    "company_phone": "256-308-6845",
    "employees": [64, 452, 457, 740]
},
{
    "id": 238,
    "company_name": "Schneider, Gaylord and Veum",
    "company_address": {
        "street_address": "3 Hanover Point",
        "city": "Colorado Springs",
        "state": "CO",
        "zip_code": "80935"
    },
    "company_phone": "719-826-4512",
    "employees": [114, 402, 28, 466]
},
{
    "id": 239,
    "company_name": "Tromp and Sons",
    "company_address": {
        "street_address": "09228 Longview Trail",
        "city": "Grand Rapids",
        "state": "MI",
        "zip_code": "49510"
    },
    "company_phone": "616-431-7086",
    "employees": [166, 189, 700, 173]
},
{
    "id": 240,
    "company_name": "Schuster and Sons",
    "company_address": {
        "street_address": "739 Petterle Parkway",
        "city": "Reno",
        "state": "NV",
        "zip_code": "89505"
    },
    "company_phone": "775-719-9462",
    "employees": [942, 823, 657, 361]
},
{
    "id": 241,
    "company_name": "Lesch-Schumm",
    "company_address": {
        "street_address": "79 Lake View Pass",
        "city": "Raleigh",
        "state": "NC",
        "zip_code": "27635"
    },
    "company_phone": "919-336-2664",
    "employees": [547, 36, 128, 34]
},
{
    "id": 242,
    "company_name": "Gislason, Ernser and Kunze",
    "company_address": {
        "street_address": "599 Myrtle Lane",
        "city": "Newton",
        "state": "MA",
        "zip_code": "02162"
    },
    "company_phone": "508-446-0991",
    "employees": [873, 207, 652, 141]
},
{
    "id": 243,
    "company_name": "Bernier-Williamson",
    "company_address": {
        "street_address": "27 Bellgrove Alley",
        "city": "Grand Rapids",
        "state": "MI",
        "zip_code": "49510"
    },
    "company_phone": "616-664-2101",
    "employees": [273, 983, 445, 287]
},
{
    "id": 244,
    "company_name": "Gaylord-Vandervort",
    "company_address": {
        "street_address": "97 Emmet Point",
        "city": "Columbus",
        "state": "MS",
        "zip_code": "39705"
    },
    "company_phone": "662-198-3807",
    "employees": [357, 704, 846, 968]
},
{
    "id": 245,
    "company_name": "Reinger, Osinski and Corwin",
    "company_address": {
        "street_address": "49 South Avenue",
        "city": "Lexington",
        "state": "KY",
        "zip_code": "40576"
    },
    "company_phone": "859-501-1398",
    "employees": [471, 906, 764, 596]
},
{
    "id": 246,
    "company_name": "Hoppe LLC",
    "company_address": {
        "street_address": "43 Thompson Parkway",
        "city": "El Paso",
        "state": "TX",
        "zip_code": "88589"
    },
    "company_phone": "915-982-2449",
    "employees": [930, 658, 683, 142]
},
{
    "id": 247,
    "company_name": "Haag Group",
    "company_address": {
        "street_address": "9629 Arapahoe Avenue",
        "city": "Trenton",
        "state": "NJ",
        "zip_code": "08638"
    },
    "company_phone": "609-405-6286",
    "employees": [558, 542, 118, 164]
},
{
    "id": 248,
    "company_name": "Mertz-Erdman",
    "company_address": {
        "street_address": "9381 Village Green Place",
        "city": "Dallas",
        "state": "TX",
        "zip_code": "75226"
    },
    "company_phone": "214-843-6030",
    "employees": [345, 285, 475, 267]
},
{
    "id": 249,
    "company_name": "Rowe LLC",
    "company_address": {
        "street_address": "824 Westport Pass",
        "city": "San Diego",
        "state": "CA",
        "zip_code": "92196"
    },
    "company_phone": "619-786-1125",
    "employees": [821, 605, 354, 734]
},
{
    "id": 250,
    "company_name": "Hoppe-Feest",
    "company_address": {
        "street_address": "90 Derek Road",
        "city": "Albuquerque",
        "state": "NM",
        "zip_code": "87180"
    },
    "company_phone": "505-751-7327",
    "employees": [881, 890, 308, 820]
}
]